Feature,Importance
Day,0.5187145176150553
Payment,0.47944785979211935
Hour,0.0004229499899560571
Quantity,0.00034851176682663683
Product line,0.00031388665589551226
Unit price,0.00017911376135990265
City,0.00017809380798992168
Branch,0.00017076249742199604
Gender,0.00012041534600711836
Customer type,0.00010388876736827598
